Comment,Sentiment
"La raison de la défaite du Maroc est un autre angle des joueurs, la licence est le parti de leurs clubs, la pression d'aller à Cannes, ils sont vraiment venus à la fin de la réputation de l'équipe.",0
"La paix, la miséricorde et les bénédictions de Dieu sont sur vous.",0
"The reasons for our exclusion are the absence of the offensive event, wasting goals near the goal, in contrast, players who have historically passed the team scored the goals of the operations box as a distance, such as Timomi, Al -Bayaz, Hajji, Al -Mukhtari, and Al -Dawudi, there are players Kaziash, as well as Hakimi players who are called Rakraki who are mastering the scoring as a Delicious, mon gris et Batna, le point du niveau, le niveau intermédiaire, et j'espère que le rakraki examinera l'ensemble des journaux",0
"Al -rakraki doit être rejeté et la recherche est une alternative, car la psychologie de Walid est devenue honteuse et non soumise à donner.",0
"Je pense que ce sera le plus adapté à la prochaine étape, une équipe solide qui mérite un entraîneur expérimenté",0
"Excusez-moi, entra dans les escarmouches du joueur arabe du Congo. Les objectifs sont intransigeants. Les décisions écoutent le sage du",0
"L'entraîneur, l'effort africain, est fort. Le discours est terminé",0
"La défaite de l'équipe nationale marocaine, le joueur avec tous les éléments, le match en Zambie, malgré l'équipe nationale marocaine, s'est qualifiée pour le match en Zambie, de sorte que l'équipe de la Côte d'Ivoire s'est qualifiée.",0
L'équipe nationale est une équation d'une solution. D'autres choses doivent concentrer le football,0
Un nouvel ajout sera présenté par Rakraki à l'équipe nationale.,0
"Un défaut, le défaut tombe. Nous vivons au XXe siècle, Dieu est majoritaire",0
"Les raisons de la défaite sont claires, l'équipe nationale a raté le sens national du correspondant, qui a été mené par l'équipe hostile, qui est hostile à son régime pour notre intégrité territoriale, l'esprit de combat de combat des joueurs. Au contraire, nous avons été vaincus de manière humiliante, de sorte que l'entraîneur de Rakraki montre le courage de soumettre sa démission.",0
"Le président de l'université sera tenu responsable?Fans de football officiel?Vous oubliez l'équipe nationale, les joueurs seront dépensés pour l'Université Dirham ???Le Messager est le développement du football marocain ??",0
"La tâche principale de l'entraîneur, la planification du script, a le droit de crier pour motiver les joueurs professionnels. Ils ont besoin d'une supplication de cris.",0
"L'équipe est le besoin de l'entraîneur italien, l'école italienne",0
Il s'agit d'une équipe gâtée de fonds d'allongement.,0
"La raison de l'exclusion est les choses négatives qui ont entouré l'équipe, parlant au district d'Égypte, et le joueur du Congo a traîné le côté Rakraki et le dernier discours, alors qu'il joue pour les Arabes et son père, et les Arabes ont oublié la rue avec joie au Maroc.",0
La meilleure vie part avec le désir de tourner une forte journée des visiteurs et d'expulser votre position.,0
La Coupe du monde a montré la préparation de l'entraîneur vétéran Waheed Khalilzic Rakraki.,0
"Euh, Walid, entraîneur croisé, a vaincu Côte d'Ivoire, il suffit de regarder Amouta, ses matchs sont debout. Votre privé est Harimi.",0
"Les entraîneurs ont planifié ouvertement, y compris une solution magique pour vaincre l'autre entraîneur de l'Afrique du Sud. Il a joué la psyché de Rakraki et a déclaré qu'il préserve la faiblesse de l'équipe Rakraki pour la presse pour justifier sa victoire et déstabiliser la confiance d'Al -rakhari. Al -rakraki pour parler à un tireur d'élite de but, et il a dit que le groupe du Qatar avait rencontré un drapeau qui résidait pour la défense tout au long de la compétition de la Coupe du monde parce qu'il est conscient de l'absence de buteur.Atteindre la réalisation des équipes d'Al -Kan, et non de remplir la solution de ses lames, le joueur local, mental et structurel, et le même esprit est une compétitivité. Une autre philosophie de l'ours n'est qu'un produit marketing",0
Al -rakraki est un esprit sportif pour soumettre sa démission immédiatement l'exclusion des formidables possibilités. Il a mis son comportement et les joueurs distingués ont été l'occasion la plus importante de remporter la Coupe africaine.,0
"J'ai regardé la Coupe du monde et je suis enthousiaste à propos de toute victoire qui équivaut à éviter toute blague, les matchs successifs changent quelque chose qui est devenu une grande confiance du jeu d'équipe et les beaux objectifs du degré de défaite en demi-finale de la Coupe du monde, du titre de champion du monde, du débutant de l'ARC Arcord.",0
Al -rakraki et ses équipes techniques laissent ce qu'il donne à l'équipe nationale réelle responsabilité,0
"Audi et Ashna Adel Ramzi Al -Bakour Shuquishovo Li Vous êtes un technique national et mentalement professionnel et connaît bien l'Afrique et ils commencent 50% des joueurs actuels.Dieu ne suffit pas à Dieu, et oui, l'agent",0
"La raison du talisman est l'arrogance de l'entraîneur, certains des défauts et le niveau du gardien de but.",0
"La porte de l'insulte devient un assistant symbolique d'un entraîneur amateur, tel que Rirk Rikkiri, peut-être le droit opposé.",0
Frapper Mazraoui est un joueur qui a perdu la préparation,0
C'est très simple.,0
"Mon opinion de nous aime exceller une réalisation fière de Dieu comme une compression de certaines considérations que je me demande l'équipe nationale marocaine qualifiée pour le rôle.Même en Coupe du monde, les grandes équipes jouent avec une économie qui garantit une qualification pour le rôle?La seule explication de la sauvegarde de nos amis ivoiriens en excluant les Zambiens soutient les séparatistes pour une explication",0
"La raison de la défaite de Rarkaki a été perdue dans la réflexion des sanctions pénales, les pénalités saisissantes. Le Maroc a joué dans tous les Arabes. Le match en Zambie, évitant la défaite.",0
"Les erreurs doivent être arrêtées, le Maroc, l'Afrique du Sud, ont commis des entretiens précédents. Debout les plans de l'entraîneur pour les réunions parce qu'ils sont devenus exposés aux entraîneurs, des joueurs passionnés.",1
Les services Al -rarkaki doivent être distribués.,1
"M. Laqja, l'entraîneur, est tenu responsable d'une approche stratégique de l'approbation du président de l'université, et ils doivent donc tous les deux être détenus",1
"Al -rakraki pour tenir l'homme responsable de ses efforts pour briller l'équipe nationale, écrivant le tournoi. Je vois la décision de tenir al -rakraki responsable",1
"Quelle est la méthode qui sera prise pour tenir compte de Waldlamada, les entraîneurs sont tenus responsables.",1
"Pour connaître M. Fawzi Lakja, la majorité du peuple marocain, l'entraîneur Walid Al -Rakraki et tous les membres du personnel technique ont dirigé l'équipe nationale et le National parce qu'il est le fils du pays, la seule note, la seule note, l'entraîneur et les joueurs doivent être concernés et leur objectif est la balle et la préservation du calme et le bien-être doit être concerné et leur concentration est la balle et la préservation du calme et le bien-être doit être concerné et leur concentration est la balle et la préservation du calme et le bien-être doit être concerné et leur objectif est le Ball et la Préservation et le bien de la préservation et de la préoccupation et de la bienveillance est la balle et la préservation du calme et le bien-être doit être concerné et leur objectif est le Ball et la Préservation et le Calle et BILT BIEN CONCERNER ET LEUR EXCEATION ES",1
M. Aref son argent et il n'a pas besoin d'être tenu responsable.,1
L'université doit travailler pour renforcer le championnat national et créer des joueurs qui ont l'incitation à remporter les victoires,1
"L'exclusion est la main du Shi Shi, le pays",1
سبق اللçons,1
"La responsabilité du pays est d'ordination de ses actions, de son apparence, de ses rendements et de ses réalisations.",1
"La raison de notre défaite est mon opinion personnelle. L'équipe nationale offre un attaquant explicite de saisie des opportunités, Dieu veut, à gagner notre allié prochain, les membres de l'équipe nationale et l'électeur Walid Al -rarkaki",1
"Nous demandons au président de la Fédération royale de football marocaine d'oublier la Coupe d'Afrique africaine pour l'année 2025, nous n'avons que la confrontation complète du président de l'université et la vitalité nationale avec le slogan du magnifique avenir.",1
Les commentaires sont votre site estimé. La plupart des Marocains restent Rakraki.,1
"Walid Al -Rakraki est tenu responsable de chaque grand entraîneur, traite de grandes réalisations. Nous oublions Walid.",1
Ce n'est pas une responsabilité pour une enquête.,1
Les Marocains oublient rapidement la grande réussite historique.,1
"L'opportunité doit être donnée à Rakraki et l'a exhorté à corriger les erreurs et à s'éloigner du principe de l'émotion, de l'équipe nationale pour tous les gens, il doit donc avoir la possibilité de porter la chemise à ceux qui méritent et pour ceux qui sont prêts, nous voulions réussir et aller de l'avant, changer les avantages de l'entraîneur des avantages quelque chose que nous abandonnerons le scénario.",1
"Les commentateurs spéciaux connaissent la comptabilité Rakraki, je ne dis pas de responsabilité.",1
Veuillez garder le gardien de but Bono Ziash Hakimi.,1
"Le commentaire 17 Rakraki est difficile et secoué comme s'il ferait face au Brésil. Pensez-vous vraiment que le Brésil a été triomphé?J'ai oublié d'oublier?Nous sommes devenus les voisins adorant le ballon?Al -rakraki est un être humain, le djinn est le djinn avec notre maître Salomon, votre argent, perdons-nous tous dans le cas d'Al -Taraji, ses compagnons?",1
"L'équipe marocaine a besoin du meilleur buteur de la méthode allemand de Garthath Muller, du bon endroit et du moment approprié, le sixième sens est capable de créer l'objectif en revanche, le meilleur buteur du tournoi participera à l'équipe nationale censée être censée faire de la compétition du championnat professionnel national, le moins qui veut rejoindre l'équipe nationale 1",1
"Rakraki, un symbole des symboles de football marocain",1
"Je pense, et, reflétant les commentaires, la responsabilité signifie l'interview et la réprimande, juste le président de l'université et du Rakraki avec lui, étendant l'état de l'équipe nationale marocaine pour exclure, nous disons que la gaspillage d'humiliation cachée, la question, donc la seule exclusion de la catastrophe de l'exclusion conceptuelle est une équipe faible, la carrée dorée, le prudence pour le plan pour le plan pour le plan pour le plan pour le plan est le plan qui a le plan qui a le plan qui a le plan être exposé à ceux qui comprennent la tactique tactique?Je veux dire, Galaa discutera des raisons de l'exclusion, l'objectif est de porter la chemise de l'équipe nationale, il est nécessaire de prête physiquement et techniquement, de favoritisme, d'amitiés et d'appartenance.",1
"Vous devez supporter les erreurs, l'équipe signée et la mauvaise correction d'Al -Rakraki, le premier entraîneur de classe. Nous voulons le départ d'Al -Rakrak",1
"Vous voulez tenir un entraîneur avec beaucoup d'équipe nationale, un entraîneur étranger, vous avez osé être tenu responsable de ce qu'un entraîneur marocain veut le tenir responsable, malgré la succession des entraîneurs étrangers, la formation de l'équipe nationale.",1
Al -rakraki nous a donné le monde. La réalisation des rêves est capable de nous consacrer à la Coupe d'Afrique africaine. Patience,1
"Une session pour renouveler la confiance, Walid, changer l'équipage adjoint. Un rôle sûr.",1
"L'électeur national, Walid Al -Rakraki, doit être restauré, doit être réprimandé et calculé par les éléments affectés. Les éléments doivent être examinés. Nous avons expiré. Nous demandons à l'électeur national de supprimer l'émotion et la rigueur. Le choix. Nous demandons aux adversaires Marwan Saadane, Muhammad Fawazir, Murad Patna et Al -rahimi",1
"Une séance de réunion, entraîneur de Walid, Maroc, la Coupe du monde, l'Amérique joue la Coupe du monde au Maroc, Walid, diffuse Rasu, l'équipe nationale.",1
"Nous avons assez pour critiquer, l'équipe nationale marocaine est une excellente équipe, le Kan est tombé dans un étranger, j'ai fait une équipe plus forte d'entre nous beaucoup de tumulte, nous devons encourager notre équipe afin de corriger les erreurs et l'appel d'offres continue de voir la défaite de la Belgique, la première Lamb au monde à ce moment-là, deux objectifs pour la Coupe du monde Zero?",1
